review_id,branch,idea_id
c04e7863541e8590,seed_42/balanced_closed,idea_1_s01
79e62ce62781777d,seed_42/balanced_closed,idea_1_s02
1e564895c3a81d89,seed_42/balanced_closed,idea_1_s03
9a6737516109334a,seed_42/balanced_closed,idea_1_s04
027be58f84844e7a,seed_42/balanced_closed,idea_1_s05
8d99ada122e71cf4,seed_42/balanced_closed,idea_1_s06
3742c2bc9934f837,seed_42/balanced_closed,idea_1_s07
85521011d41ddda8,seed_42/balanced_closed,idea_1_s09
a2c5d67e69dac7b6,seed_42/balanced_closed,idea_1_s11
62ee33556488ae7f,seed_42/balanced_closed,idea_1_s12
2b12322108f334ea,seed_42/balanced_closed,idea_1_s13
d255246ea795eb69,seed_42/balanced_closed,idea_1_s14
a459b52317153fb4,seed_42/balanced_closed,idea_1_s15
2dc0e54919558742,seed_42/balanced_closed,idea_1_s17
6ec010cb67ff8f99,seed_42/balanced_closed,idea_1_s18
f72b8b3eaee85a7c,seed_42/balanced_closed,idea_1_s19
f5c37b7f2d72586b,seed_42/balanced_closed,idea_2_s00
d53f39462de3e02c,seed_42/balanced_closed,idea_2_s02
7d4dcacc95a105b8,seed_42/balanced_closed,idea_2_s03
149b4bda71b44d2b,seed_42/balanced_closed,idea_2_s04
cb536b4c870b68d3,seed_42/balanced_closed,idea_2_s06
5056627b84793be3,seed_42/balanced_closed,idea_2_s08
76b67f0755d327cc,seed_42/balanced_closed,idea_2_s10
66bf2550b52ccbc9,seed_42/balanced_closed,idea_2_s11
bf109e292a0e0124,seed_42/balanced_closed,idea_2_s12
5a7ecc69657deb7c,seed_42/balanced_closed,idea_2_s13
63fc3df6d67e577e,seed_42/balanced_closed,idea_2_s14
6e2ed4a53c21b325,seed_42/balanced_closed,idea_2_s15
ca752e9b0f93ee5d,seed_42/balanced_closed,idea_2_s16
46598a518476b85a,seed_42/balanced_closed,idea_2_s18
1cdc62c387c28789,seed_42/balanced_closed,idea_2_s19
4c0ed4db47b3b26d,seed_42/balanced_closed,idea_3_s00
cd43b86d18f36d49,seed_42/balanced_closed,idea_3_s01
7f1551442059c289,seed_42/balanced_closed,idea_3_s02
aeaffccf007e14dc,seed_42/balanced_closed,idea_3_s03
bca38ac2888d091e,seed_42/balanced_closed,idea_3_s04
da0398b755a224c4,seed_42/balanced_closed,idea_3_s05
d712f5c2b69f036b,seed_42/balanced_closed,idea_3_s06
9577bd9481c45876,seed_42/balanced_closed,idea_3_s07
57244a64fee4e322,seed_42/balanced_closed,idea_3_s09
b6a3b15d78775cf6,seed_42/balanced_closed,idea_3_s11
96ea5abe74382c68,seed_42/balanced_closed,idea_3_s13
6dcf2c5cb870cfcc,seed_42/balanced_closed,idea_3_s15
1de9aad3a5e6cdfb,seed_42/balanced_closed,idea_3_s17
4c07ed8eb00bfb54,seed_42/balanced_closed,idea_3_s19
7ef103d310997ccd,seed_42/balanced_closed,idea_4_s00
bc78a987538cbf6d,seed_42/balanced_closed,idea_4_s02
7a49035bdcd0b1eb,seed_42/balanced_closed,idea_4_s03
5c4edeaf13121bde,seed_42/balanced_closed,idea_4_s04
fd9c45256de7e7c5,seed_42/balanced_closed,idea_4_s05
41361edf557f41ba,seed_42/balanced_closed,idea_4_s06
4d8c12b1167facd6,seed_42/balanced_closed,idea_4_s07
fb650199bdce41e5,seed_42/balanced_closed,idea_4_s08
ee03414f61d64c6a,seed_42/balanced_closed,idea_4_s10
48ac12f76f459b0a,seed_42/balanced_closed,idea_4_s11
98fc096f49367ce9,seed_42/balanced_closed,idea_4_s12
5057e71719b8e595,seed_42/balanced_closed,idea_4_s14
9332f0fb75218bfc,seed_42/balanced_closed,idea_4_s16
78cb875354249acc,seed_42/balanced_closed,idea_4_s17
02b8683c3b38fe1f,seed_42/balanced_closed,idea_4_s18
0a0f9235920de2f5,seed_42/balanced_closed,idea_4_s19
2b24bda8918d5cff,seed_42/balanced_open,idea_1_s01
c7ffb02d8359cd45,seed_42/balanced_open,idea_1_s02
6d621f2640d517b5,seed_42/balanced_open,idea_1_s03
d516597eb4d4afad,seed_42/balanced_open,idea_1_s04
bb88eec9f31d509e,seed_42/balanced_open,idea_1_s05
336bdec2bf3e6009,seed_42/balanced_open,idea_1_s06
f4bad0b20427b9ae,seed_42/balanced_open,idea_1_s07
5475704917fc8948,seed_42/balanced_open,idea_1_s09
abf62334248bbd92,seed_42/balanced_open,idea_1_s10
1f65b791abbbfcf3,seed_42/balanced_open,idea_1_s11
6c905ead4f476bc6,seed_42/balanced_open,idea_1_s12
1fdd7e2fd243937e,seed_42/balanced_open,idea_1_s13
6cd1a30b88369a89,seed_42/balanced_open,idea_1_s14
a0d730111f77c9aa,seed_42/balanced_open,idea_1_s15
a84a99f993813fa3,seed_42/balanced_open,idea_1_s16
87f78c8321416777,seed_42/balanced_open,idea_1_s17
a2b289847c793d1d,seed_42/balanced_open,idea_1_s18
59154c5c668c25c2,seed_42/balanced_open,idea_1_s19
9201e1e5b400150e,seed_42/balanced_open,idea_2_s00
26d63d4008bb3d7d,seed_42/balanced_open,idea_2_s02
a8b9d5ee5bca92fe,seed_42/balanced_open,idea_2_s03
b044295ab2d144e1,seed_42/balanced_open,idea_2_s04
17885942d32b942c,seed_42/balanced_open,idea_2_s06
8c4e8afe4c5c25e3,seed_42/balanced_open,idea_2_s08
7fe96be1d0e4e92e,seed_42/balanced_open,idea_2_s10
9abcceb980ef2107,seed_42/balanced_open,idea_2_s11
ce1049e39d958a85,seed_42/balanced_open,idea_2_s12
6d4b92c9aeed2a18,seed_42/balanced_open,idea_2_s13
865d3cbc5e898988,seed_42/balanced_open,idea_2_s14
ca00b6c8b50790bf,seed_42/balanced_open,idea_2_s16
b1cd638a2231ee90,seed_42/balanced_open,idea_2_s17
41887ea2147665e7,seed_42/balanced_open,idea_2_s18
2a8befcaae3ad868,seed_42/balanced_open,idea_2_s19
5456dd693ff72560,seed_42/balanced_open,idea_3_s00
e3aa11d6441954ca,seed_42/balanced_open,idea_3_s01
ccfbd8e2fa097a0c,seed_42/balanced_open,idea_3_s02
ccf250ff9728e957,seed_42/balanced_open,idea_3_s03
10853a088de51b12,seed_42/balanced_open,idea_3_s04
e2b28c8a34282a37,seed_42/balanced_open,idea_3_s05
222641454f44237f,seed_42/balanced_open,idea_3_s06
738576184da5679b,seed_42/balanced_open,idea_3_s07
fce23d52b86646ac,seed_42/balanced_open,idea_3_s08
a2261c0121784f55,seed_42/balanced_open,idea_3_s09
e82eb6e115a3c759,seed_42/balanced_open,idea_3_s11
087d20634945b179,seed_42/balanced_open,idea_3_s13
31485084b5861485,seed_42/balanced_open,idea_3_s15
1fd39da8b5174da0,seed_42/balanced_open,idea_3_s17
1728e1c1c364d47e,seed_42/balanced_open,idea_3_s19
59e9a4373e2ad8a8,seed_42/balanced_open,idea_4_s00
3b39e2172b5640cf,seed_42/balanced_open,idea_4_s02
192ee97b07a2ce33,seed_42/balanced_open,idea_4_s03
487b4f07ddd492f1,seed_42/balanced_open,idea_4_s04
cf3c76b787501684,seed_42/balanced_open,idea_4_s05
9babd03713b3e300,seed_42/balanced_open,idea_4_s06
1e3b146e8eaf4fb2,seed_42/balanced_open,idea_4_s07
279bd8bc60c2476e,seed_42/balanced_open,idea_4_s08
139240313a11f223,seed_42/balanced_open,idea_4_s10
7a8321a3538e19e4,seed_42/balanced_open,idea_4_s11
0ad95fc4c586083f,seed_42/balanced_open,idea_4_s12
068e243ecbc23fea,seed_42/balanced_open,idea_4_s13
0c957192a63c7af5,seed_42/balanced_open,idea_4_s14
04fe6768517d6b15,seed_42/balanced_open,idea_4_s16
56dfa72bed54d531,seed_42/balanced_open,idea_4_s18
fc7b1fd9bc0c40a6,seed_42/balanced_open,idea_4_s19
4fd9a9788fb32a76,seed_42/novelty_closed,idea_1_s01
c76417432374dcf7,seed_42/novelty_closed,idea_1_s02
60889bf1f59f84cb,seed_42/novelty_closed,idea_1_s03
d58fdbf524fbed90,seed_42/novelty_closed,idea_1_s04
abdb025308ab8fd9,seed_42/novelty_closed,idea_1_s05
46f979a0aee7cc64,seed_42/novelty_closed,idea_1_s06
751ff5c813e654b0,seed_42/novelty_closed,idea_1_s07
01540cbaac1b3099,seed_42/novelty_closed,idea_1_s09
c44f576b4c4f6795,seed_42/novelty_closed,idea_1_s11
5b478311bd529170,seed_42/novelty_closed,idea_1_s12
01d3ef205a3bbe2d,seed_42/novelty_closed,idea_1_s13
5f3891e492c0b648,seed_42/novelty_closed,idea_1_s14
a7f8ea640413fec1,seed_42/novelty_closed,idea_1_s15
201840345f0237c2,seed_42/novelty_closed,idea_1_s17
6c39179d710d4e48,seed_42/novelty_closed,idea_1_s18
edf4b4086a19f142,seed_42/novelty_closed,idea_1_s19
01d4f3785264d735,seed_42/novelty_closed,idea_2_s00
9fa441b695d4289d,seed_42/novelty_closed,idea_2_s02
55e77762c396ebc2,seed_42/novelty_closed,idea_2_s03
3954694dbef8fcd4,seed_42/novelty_closed,idea_2_s04
1700f1fb24803a5b,seed_42/novelty_closed,idea_2_s06
4289b304b1960f65,seed_42/novelty_closed,idea_2_s08
6e20bd702e18ebca,seed_42/novelty_closed,idea_2_s10
772a21adfa5e8847,seed_42/novelty_closed,idea_2_s11
740c5633fcf387b5,seed_42/novelty_closed,idea_2_s12
d158a24238966ac7,seed_42/novelty_closed,idea_2_s13
41f229d0e79002a7,seed_42/novelty_closed,idea_2_s14
e63d07dc0bcb6a50,seed_42/novelty_closed,idea_2_s15
7fc9aa6bc19f58ef,seed_42/novelty_closed,idea_2_s16
a711501d3b077e43,seed_42/novelty_closed,idea_2_s18
6a4261fb390067f0,seed_42/novelty_closed,idea_2_s19
ed5b66c249bb8dba,seed_42/novelty_closed,idea_3_s00
d5977b31fca398df,seed_42/novelty_closed,idea_3_s01
fb021c51c0688d02,seed_42/novelty_closed,idea_3_s02
94afc0abaa254f88,seed_42/novelty_closed,idea_3_s03
d2b6e8c9019bebb7,seed_42/novelty_closed,idea_3_s04
6a62a994b99b0cb0,seed_42/novelty_closed,idea_3_s05
0f04a913aad241a0,seed_42/novelty_closed,idea_3_s06
bdc580e11ea89c02,seed_42/novelty_closed,idea_3_s07
0d3403eeebc1fcb1,seed_42/novelty_closed,idea_3_s09
4500ef4cc251ca0d,seed_42/novelty_closed,idea_3_s11
c2ca070ac6d254d2,seed_42/novelty_closed,idea_3_s13
fc6ee55257d3a6eb,seed_42/novelty_closed,idea_3_s15
6e37fcbb92e24f60,seed_42/novelty_closed,idea_3_s17
50bce57df7f05e9b,seed_42/novelty_closed,idea_3_s19
0a6f67a58e36e358,seed_42/novelty_closed,idea_4_s00
87cb07b1ecee52a9,seed_42/novelty_closed,idea_4_s02
3b9e06db216803cf,seed_42/novelty_closed,idea_4_s03
ca7b573251a966eb,seed_42/novelty_closed,idea_4_s04
db8309b0f127ffa7,seed_42/novelty_closed,idea_4_s05
bd43a9c3875ae90b,seed_42/novelty_closed,idea_4_s06
28e5e883be81fbeb,seed_42/novelty_closed,idea_4_s07
eb79d4ad43a4d767,seed_42/novelty_closed,idea_4_s08
960e3ccf08f6d9c2,seed_42/novelty_closed,idea_4_s10
a3bf5b28a193cb27,seed_42/novelty_closed,idea_4_s11
93d0c1c57c759100,seed_42/novelty_closed,idea_4_s12
52be75a5378ae47a,seed_42/novelty_closed,idea_4_s14
528a978eb5ae485e,seed_42/novelty_closed,idea_4_s16
74f94521c2728085,seed_42/novelty_closed,idea_4_s17
98a6716375e3bcc1,seed_42/novelty_closed,idea_4_s18
1e0c3f8c85d90f6a,seed_42/novelty_closed,idea_4_s19
55cf6a54f8e74b4f,seed_42/novelty_open,idea_1_s01
b3657c5d5cbc3d50,seed_42/novelty_open,idea_1_s02
23d32024a0423dba,seed_42/novelty_open,idea_1_s03
e4bc775f5763baf1,seed_42/novelty_open,idea_1_s04
0e88aa8a4600edd8,seed_42/novelty_open,idea_1_s05
046cf0c05fb837ab,seed_42/novelty_open,idea_1_s06
368012dff4603f66,seed_42/novelty_open,idea_1_s07
4e890797d64f5918,seed_42/novelty_open,idea_1_s09
033b7d17570a8cb1,seed_42/novelty_open,idea_1_s10
a6a25b78ab326a9b,seed_42/novelty_open,idea_1_s11
67493fecef558ec3,seed_42/novelty_open,idea_1_s12
979d99ffaf54547c,seed_42/novelty_open,idea_1_s13
3485013741921836,seed_42/novelty_open,idea_1_s14
ee4e4b0000c30307,seed_42/novelty_open,idea_1_s15
1ef7dbfc5262adea,seed_42/novelty_open,idea_1_s16
ee3c36557df50e81,seed_42/novelty_open,idea_1_s17
7b3a53eefbf70e8c,seed_42/novelty_open,idea_1_s18
487c9ffb8ece2a56,seed_42/novelty_open,idea_1_s19
c95c5625137a0d43,seed_42/novelty_open,idea_2_s00
c1cdac4ee4e79363,seed_42/novelty_open,idea_2_s02
70497e376af030c2,seed_42/novelty_open,idea_2_s03
a0e6e1b0d1a37392,seed_42/novelty_open,idea_2_s04
faf418ffcdbcdfd7,seed_42/novelty_open,idea_2_s06
4259805b127beb44,seed_42/novelty_open,idea_2_s08
b4dc823e5c9a0895,seed_42/novelty_open,idea_2_s10
a3b0efe3d4bf46fe,seed_42/novelty_open,idea_2_s11
2dca2c88f7e897f3,seed_42/novelty_open,idea_2_s12
c275033589a3662b,seed_42/novelty_open,idea_2_s13
df0a7a938fcb69f6,seed_42/novelty_open,idea_2_s14
ddcebc1aec3da739,seed_42/novelty_open,idea_2_s16
de854e258d8db17d,seed_42/novelty_open,idea_2_s17
5b24ec350e59ba70,seed_42/novelty_open,idea_2_s18
df76e71e5b63908c,seed_42/novelty_open,idea_2_s19
08d45a31906a0a84,seed_42/novelty_open,idea_3_s00
7f367f4e79be1026,seed_42/novelty_open,idea_3_s01
c2b28785c33e8718,seed_42/novelty_open,idea_3_s02
c1374b87e2e3c354,seed_42/novelty_open,idea_3_s03
09a11e2f34272d88,seed_42/novelty_open,idea_3_s04
936706c5b7e376fa,seed_42/novelty_open,idea_3_s05
83b313a2afb9ea2b,seed_42/novelty_open,idea_3_s06
6db39531596fcb27,seed_42/novelty_open,idea_3_s07
f3ec0c683ce901e0,seed_42/novelty_open,idea_3_s08
e2f36912ca7e501d,seed_42/novelty_open,idea_3_s09
de2142968373e990,seed_42/novelty_open,idea_3_s11
902a5975c189cebc,seed_42/novelty_open,idea_3_s13
8fe74e4314840ce8,seed_42/novelty_open,idea_3_s15
e2787e72795ccf05,seed_42/novelty_open,idea_3_s17
d56c175f95f53906,seed_42/novelty_open,idea_3_s19
56e8ab0bf638aa82,seed_42/novelty_open,idea_4_s00
36e6408911300b23,seed_42/novelty_open,idea_4_s02
c9fe369c52415e85,seed_42/novelty_open,idea_4_s03
1884181afcb70612,seed_42/novelty_open,idea_4_s04
7ed980c70485701c,seed_42/novelty_open,idea_4_s05
bf0076da17b349bc,seed_42/novelty_open,idea_4_s06
4c734e19063e4306,seed_42/novelty_open,idea_4_s07
a892893023746687,seed_42/novelty_open,idea_4_s08
e654183ec17f2edd,seed_42/novelty_open,idea_4_s10
0bf2bb9fc670c745,seed_42/novelty_open,idea_4_s11
69b23446da2f3130,seed_42/novelty_open,idea_4_s12
8f26c07d0de68346,seed_42/novelty_open,idea_4_s13
045e8cb4d0dbb6c9,seed_42/novelty_open,idea_4_s14
2cdd0f38b1ff5632,seed_42/novelty_open,idea_4_s16
8157dc3e22cd6af4,seed_42/novelty_open,idea_4_s18
5096b75af0bc03bf,seed_42/novelty_open,idea_4_s19
58be125a72b5df2f,seed_42/recognition_closed,idea_1_s01
7fc7b933466e87e2,seed_42/recognition_closed,idea_1_s02
954fa7443adeb385,seed_42/recognition_closed,idea_1_s03
c16852612ad09fe3,seed_42/recognition_closed,idea_1_s04
521f4c002fa40170,seed_42/recognition_closed,idea_1_s05
50248e48193b6531,seed_42/recognition_closed,idea_1_s06
5bd252b963708da5,seed_42/recognition_closed,idea_1_s07
cc9c8f65cfa3c00c,seed_42/recognition_closed,idea_1_s09
1ee82329916cc107,seed_42/recognition_closed,idea_1_s11
5e2496ecb1e420c2,seed_42/recognition_closed,idea_1_s12
0c39813417ab6124,seed_42/recognition_closed,idea_1_s13
c30a38a2cd38e9c8,seed_42/recognition_closed,idea_1_s14
da4d618e1348b839,seed_42/recognition_closed,idea_1_s15
693c52bca996821a,seed_42/recognition_closed,idea_1_s17
71b07a1c79158ac9,seed_42/recognition_closed,idea_1_s18
d85b1c50c53ca63f,seed_42/recognition_closed,idea_1_s19
e1154cd318c4c348,seed_42/recognition_closed,idea_2_s00
601a0a4efa68f3d5,seed_42/recognition_closed,idea_2_s02
b15237d073ae3983,seed_42/recognition_closed,idea_2_s03
17f38a425f3d3d17,seed_42/recognition_closed,idea_2_s04
3be7c8ab9bb287a9,seed_42/recognition_closed,idea_2_s06
2da16da9467bb4aa,seed_42/recognition_closed,idea_2_s08
1fb7faae21e6d965,seed_42/recognition_closed,idea_2_s10
25f3334c6b65ab54,seed_42/recognition_closed,idea_2_s11
5dd581a538001497,seed_42/recognition_closed,idea_2_s12
4e1847dd3a2f42a0,seed_42/recognition_closed,idea_2_s13
6a2d34b51241778a,seed_42/recognition_closed,idea_2_s14
39c806dce0e0ff2f,seed_42/recognition_closed,idea_2_s15
8cf8cba23e6cb944,seed_42/recognition_closed,idea_2_s16
20df443cfe70ed0a,seed_42/recognition_closed,idea_2_s18
848537694ccd875e,seed_42/recognition_closed,idea_2_s19
88b84e8d830fe852,seed_42/recognition_closed,idea_3_s00
350f5246d15dc81e,seed_42/recognition_closed,idea_3_s01
49b842a1c72f3de3,seed_42/recognition_closed,idea_3_s02
e1e616fba354fe19,seed_42/recognition_closed,idea_3_s03
2ab986031b91ee90,seed_42/recognition_closed,idea_3_s04
8f446e0cb357573c,seed_42/recognition_closed,idea_3_s05
2de48b35074387d0,seed_42/recognition_closed,idea_3_s06
cffd6106efecffc2,seed_42/recognition_closed,idea_3_s07
f94cbdae645f8542,seed_42/recognition_closed,idea_3_s09
c19833ce042644ba,seed_42/recognition_closed,idea_3_s11
374e159c87390e07,seed_42/recognition_closed,idea_3_s13
297bc50f5a03a34d,seed_42/recognition_closed,idea_3_s15
16af420b843de543,seed_42/recognition_closed,idea_3_s17
110228d0f03f1a04,seed_42/recognition_closed,idea_3_s19
0dc2fe4f817597d5,seed_42/recognition_closed,idea_4_s00
33259d3c0ee66ae2,seed_42/recognition_closed,idea_4_s02
a587249a6748cb1f,seed_42/recognition_closed,idea_4_s03
a97d78abae83a2ad,seed_42/recognition_closed,idea_4_s04
bd961ce8a070650d,seed_42/recognition_closed,idea_4_s05
483fa31bb7beff05,seed_42/recognition_closed,idea_4_s06
0d1d2c5a83badb2d,seed_42/recognition_closed,idea_4_s07
45085b7a8f898884,seed_42/recognition_closed,idea_4_s08
3014d657afb00322,seed_42/recognition_closed,idea_4_s10
3924ecedf6e99bc9,seed_42/recognition_closed,idea_4_s11
6d0a3145739173d3,seed_42/recognition_closed,idea_4_s12
ff854abb4e6637fe,seed_42/recognition_closed,idea_4_s14
8d7053dd0063021e,seed_42/recognition_closed,idea_4_s16
eebeb22648009fdf,seed_42/recognition_closed,idea_4_s17
918ae4eb8df9f881,seed_42/recognition_closed,idea_4_s18
f2a9cbec38ab09b7,seed_42/recognition_closed,idea_4_s19
5949051ccd7d55d4,seed_42/recognition_open,idea_1_s01
214a4ba17f53b757,seed_42/recognition_open,idea_1_s02
3c369da98e410a7c,seed_42/recognition_open,idea_1_s03
b4737b9c5e3534d7,seed_42/recognition_open,idea_1_s04
b8978cbd344e850a,seed_42/recognition_open,idea_1_s05
2e521003236e8882,seed_42/recognition_open,idea_1_s06
ec09200af2c61226,seed_42/recognition_open,idea_1_s07
0cddbb8941f77db2,seed_42/recognition_open,idea_1_s09
e85071e48f20c609,seed_42/recognition_open,idea_1_s10
f0f4077450187319,seed_42/recognition_open,idea_1_s11
765770560748ee54,seed_42/recognition_open,idea_1_s12
9be7d09f2aa1afc2,seed_42/recognition_open,idea_1_s13
10fdd6ef8cba81c7,seed_42/recognition_open,idea_1_s14
a7b6930fb21903d1,seed_42/recognition_open,idea_1_s15
d740fa49bb16f63a,seed_42/recognition_open,idea_1_s16
cc85b0ebaba6bd07,seed_42/recognition_open,idea_1_s17
5eee11987ce40af2,seed_42/recognition_open,idea_1_s18
76591475ff68bece,seed_42/recognition_open,idea_1_s19
3ef0e6b02ebef792,seed_42/recognition_open,idea_2_s00
bd8af47b89170695,seed_42/recognition_open,idea_2_s02
2ef162c9cdd3c764,seed_42/recognition_open,idea_2_s03
edb0ca8fad70bf3d,seed_42/recognition_open,idea_2_s04
d516e8d354999a3f,seed_42/recognition_open,idea_2_s06
2789a617b8d3fe97,seed_42/recognition_open,idea_2_s08
27266e2ccaf4a651,seed_42/recognition_open,idea_2_s10
b8def6184d5c1de3,seed_42/recognition_open,idea_2_s11
fdd719d3f447b86b,seed_42/recognition_open,idea_2_s12
7bc7789f83b59d7d,seed_42/recognition_open,idea_2_s13
7f52061a15e0d05e,seed_42/recognition_open,idea_2_s14
da2b7b0821639937,seed_42/recognition_open,idea_2_s16
b3129ccec0569c52,seed_42/recognition_open,idea_2_s17
ed16145bce348b91,seed_42/recognition_open,idea_2_s18
5064afc2dcaf2672,seed_42/recognition_open,idea_2_s19
d0a9a30a797d3ff0,seed_42/recognition_open,idea_3_s00
176bc3b7c98cf3d5,seed_42/recognition_open,idea_3_s01
5e0e3d3933875dc6,seed_42/recognition_open,idea_3_s02
6fcaa29a6377cbd8,seed_42/recognition_open,idea_3_s03
05af7c60a2e6762f,seed_42/recognition_open,idea_3_s04
a175ef82d6f6ee1e,seed_42/recognition_open,idea_3_s05
4acd46d97e0d7910,seed_42/recognition_open,idea_3_s06
7cfff493e06691cc,seed_42/recognition_open,idea_3_s07
ee0682bf7cddf646,seed_42/recognition_open,idea_3_s08
cdf51ddb2badb798,seed_42/recognition_open,idea_3_s09
20d96dedae6e180c,seed_42/recognition_open,idea_3_s11
3e7bdccc09742abf,seed_42/recognition_open,idea_3_s13
4fdf537e39f00b54,seed_42/recognition_open,idea_3_s15
8eabc11ccc672771,seed_42/recognition_open,idea_3_s17
efd6821f2f26c3ce,seed_42/recognition_open,idea_3_s19
73fbc485288c5216,seed_42/recognition_open,idea_4_s00
e9507018e61d369a,seed_42/recognition_open,idea_4_s02
f8b3a608a7624aaf,seed_42/recognition_open,idea_4_s03
8f55dc82f22f8b64,seed_42/recognition_open,idea_4_s04
d2208c360ba0f00f,seed_42/recognition_open,idea_4_s05
12aa67481f6b05a8,seed_42/recognition_open,idea_4_s06
80f8726e8a03671e,seed_42/recognition_open,idea_4_s07
52e719f50f029614,seed_42/recognition_open,idea_4_s08
e8cd9791012bd45f,seed_42/recognition_open,idea_4_s10
3dd8ecb573e6f746,seed_42/recognition_open,idea_4_s11
fa5afc0c54a9fafc,seed_42/recognition_open,idea_4_s12
931a1d44aa91de1f,seed_42/recognition_open,idea_4_s13
d8cdd6c383282412,seed_42/recognition_open,idea_4_s14
c5b5ba0fc5619340,seed_42/recognition_open,idea_4_s16
fd04c57f9d327867,seed_42/recognition_open,idea_4_s18
5aeb39206661b15a,seed_42/recognition_open,idea_4_s19
75161e611a25d5d1,seed_43/balanced_closed,idea_1_s00
a0cdafa15bb543b0,seed_43/balanced_closed,idea_1_s01
df0c419fc49d6506,seed_43/balanced_closed,idea_1_s02
0e50f9805ec69e6e,seed_43/balanced_closed,idea_1_s03
35b32c2aa78c5ff2,seed_43/balanced_closed,idea_1_s05
82b7020e445de0b7,seed_43/balanced_closed,idea_1_s06
cfef2036e9b90467,seed_43/balanced_closed,idea_1_s07
46dd27b4d0800bd9,seed_43/balanced_closed,idea_1_s08
7e62880ff39e5aa6,seed_43/balanced_closed,idea_1_s09
1123f04c1247450c,seed_43/balanced_closed,idea_1_s11
89c71a79d9805dd1,seed_43/balanced_closed,idea_1_s12
ee98ef9941a9a404,seed_43/balanced_closed,idea_1_s13
2fe63c477961d0e0,seed_43/balanced_closed,idea_1_s14
e4e0c37794641b75,seed_43/balanced_closed,idea_1_s15
63984dd0d2fd2817,seed_43/balanced_closed,idea_1_s16
bf699a5a297c821a,seed_43/balanced_closed,idea_1_s17
afc567be1135643c,seed_43/balanced_closed,idea_1_s18
0b4fb4644aafdb7c,seed_43/balanced_closed,idea_1_s19
b7833f323fccf1aa,seed_43/balanced_closed,idea_2_s00
b2b4466b50e68c25,seed_43/balanced_closed,idea_2_s02
d11121fcec8ecb33,seed_43/balanced_closed,idea_2_s03
c4c9e774158f007d,seed_43/balanced_closed,idea_2_s04
79de1d398b5092d1,seed_43/balanced_closed,idea_2_s06
1958bd4d37449a45,seed_43/balanced_closed,idea_2_s07
77b6ed3249035709,seed_43/balanced_closed,idea_2_s08
db1147f987bf654b,seed_43/balanced_closed,idea_2_s09
4bca6a0faabfe9f9,seed_43/balanced_closed,idea_2_s10
5fc68003ccfef0a8,seed_43/balanced_closed,idea_2_s11
6394954a835574f0,seed_43/balanced_closed,idea_2_s12
c2b8c2c90a434cf4,seed_43/balanced_closed,idea_2_s13
c4bc5a9683504967,seed_43/balanced_closed,idea_2_s14
32b7079e6c745688,seed_43/balanced_closed,idea_2_s15
cb717b2a3ea931ce,seed_43/balanced_closed,idea_2_s16
9f6c9315b3ee2177,seed_43/balanced_closed,idea_2_s17
c33ac776c97eadb3,seed_43/balanced_closed,idea_2_s18
84cde83bab3ae6fa,seed_43/balanced_closed,idea_2_s19
2a35eca28e59aabc,seed_43/balanced_closed,idea_3_s01
fb9fbe9e3cb0e7d0,seed_43/balanced_closed,idea_3_s02
61d4b0eeb762b98f,seed_43/balanced_closed,idea_3_s03
c2c4d868088dcc4a,seed_43/balanced_closed,idea_3_s04
159b48518e1a0f3d,seed_43/balanced_closed,idea_3_s05
524b16e9f7e0b699,seed_43/balanced_closed,idea_3_s06
0a93b8756969198e,seed_43/balanced_closed,idea_3_s07
9560c9e370aa6409,seed_43/balanced_closed,idea_3_s08
bafde5e642262c9d,seed_43/balanced_closed,idea_3_s09
7f240994db078729,seed_43/balanced_closed,idea_3_s11
c3dc1776bb77d395,seed_43/balanced_closed,idea_3_s12
965d532b0a4d9cfb,seed_43/balanced_closed,idea_3_s13
42fc7b8f677f3f5e,seed_43/balanced_closed,idea_3_s14
0c8713efdd156e90,seed_43/balanced_closed,idea_3_s15
f2f9ede994f6873b,seed_43/balanced_closed,idea_3_s17
84f29f965b294198,seed_43/balanced_closed,idea_3_s19
2647c2fac64ea0a9,seed_43/balanced_closed,idea_4_s00
ad530f58972922f0,seed_43/balanced_closed,idea_4_s01
9d0d905de77f8b63,seed_43/balanced_closed,idea_4_s02
d2f26dae00ca7e36,seed_43/balanced_closed,idea_4_s04
58222c08992d0e83,seed_43/balanced_closed,idea_4_s05
4b3d5df1ed843d7d,seed_43/balanced_closed,idea_4_s06
79fe816316182be2,seed_43/balanced_closed,idea_4_s08
02c9b38d4c08447f,seed_43/balanced_closed,idea_4_s10
ce73b947c2f65b2a,seed_43/balanced_closed,idea_4_s12
120fad6ac9cc4601,seed_43/balanced_closed,idea_4_s13
b215ca725db8fb02,seed_43/balanced_closed,idea_4_s14
e6704553d1dc166f,seed_43/balanced_closed,idea_4_s16
a066d470720edb35,seed_43/balanced_closed,idea_4_s17
226631fedc5c4840,seed_43/balanced_closed,idea_4_s18
69e38b4082576f1c,seed_43/balanced_closed,idea_4_s19
cb35a2c9a3469fcb,seed_43/balanced_open,idea_1_s00
7315b7802db44e51,seed_43/balanced_open,idea_1_s01
12b773f8d81dc6fa,seed_43/balanced_open,idea_1_s02
0ead7bd15bcfeb70,seed_43/balanced_open,idea_1_s03
8a4325b20c96929a,seed_43/balanced_open,idea_1_s04
d44da586b3b769cf,seed_43/balanced_open,idea_1_s05
81d98c8734480c07,seed_43/balanced_open,idea_1_s07
287efe0a1636213d,seed_43/balanced_open,idea_1_s09
931adec5c6648fc7,seed_43/balanced_open,idea_1_s10
b98df553241309c0,seed_43/balanced_open,idea_1_s11
480f5df924865303,seed_43/balanced_open,idea_1_s12
cbdf4a39ba73e910,seed_43/balanced_open,idea_1_s13
ffa0df51f0d81a35,seed_43/balanced_open,idea_1_s14
f9a9c4e15b220f79,seed_43/balanced_open,idea_1_s15
70bf6dee960bf381,seed_43/balanced_open,idea_1_s16
596433a8de35b4e3,seed_43/balanced_open,idea_1_s17
f38a7f0db95f30c1,seed_43/balanced_open,idea_1_s18
22af17dd696ea2fc,seed_43/balanced_open,idea_1_s19
b2ece05a3be30127,seed_43/balanced_open,idea_2_s00
dee167c4d8e53830,seed_43/balanced_open,idea_2_s02
1924f6c61566dbe3,seed_43/balanced_open,idea_2_s03
4d1058265cf73856,seed_43/balanced_open,idea_2_s04
caa0350943692ccc,seed_43/balanced_open,idea_2_s06
f2f80293c9c0f601,seed_43/balanced_open,idea_2_s07
b2fb4c2950ad9086,seed_43/balanced_open,idea_2_s08
d9db2fa52adc46c1,seed_43/balanced_open,idea_2_s10
0925947684227a22,seed_43/balanced_open,idea_2_s11
008c8552cad4597e,seed_43/balanced_open,idea_2_s12
a80e6dfeace7fc5b,seed_43/balanced_open,idea_2_s13
914bc0b391ebe45a,seed_43/balanced_open,idea_2_s14
56f4ba32a951edd3,seed_43/balanced_open,idea_2_s15
66e46dc20fa18085,seed_43/balanced_open,idea_2_s16
53eca6daa00b37d1,seed_43/balanced_open,idea_2_s17
cb8dc26e908a3564,seed_43/balanced_open,idea_2_s18
9f7c88343085d8e8,seed_43/balanced_open,idea_2_s19
49cf22674e4c0191,seed_43/balanced_open,idea_3_s00
08ae860a2b4af0b6,seed_43/balanced_open,idea_3_s01
11970254c2a46820,seed_43/balanced_open,idea_3_s02
24674304e01b18af,seed_43/balanced_open,idea_3_s03
f660b157dc79a4c1,seed_43/balanced_open,idea_3_s04
37dc82bb81ef461e,seed_43/balanced_open,idea_3_s05
f94d46732482a6bb,seed_43/balanced_open,idea_3_s07
a8d4323425593ada,seed_43/balanced_open,idea_3_s08
c3fbf7911f65e514,seed_43/balanced_open,idea_3_s09
3261e2cf642c898e,seed_43/balanced_open,idea_3_s11
a9ff4dfd39006f41,seed_43/balanced_open,idea_3_s12
3ba40172aef5d222,seed_43/balanced_open,idea_3_s13
53298f89b674fa4b,seed_43/balanced_open,idea_3_s14
39139becee5be96a,seed_43/balanced_open,idea_3_s15
43ba677128862576,seed_43/balanced_open,idea_3_s17
b28aa351a44543b8,seed_43/balanced_open,idea_3_s19
96d29e6fdd5f49ef,seed_43/balanced_open,idea_4_s00
545135939507af5c,seed_43/balanced_open,idea_4_s01
e1a88fdbee84a1cd,seed_43/balanced_open,idea_4_s02
406275586356a71c,seed_43/balanced_open,idea_4_s04
20170da7c39833a6,seed_43/balanced_open,idea_4_s06
c59ad1adaac63414,seed_43/balanced_open,idea_4_s07
bec22c55ab500201,seed_43/balanced_open,idea_4_s08
60149db10d2224ab,seed_43/balanced_open,idea_4_s10
f33578fc3d454e51,seed_43/balanced_open,idea_4_s12
dbec2921325bb6f3,seed_43/balanced_open,idea_4_s13
eaa22e7aa972e1a8,seed_43/balanced_open,idea_4_s14
281a3bd2a4f1994e,seed_43/balanced_open,idea_4_s16
99f5bd4605892302,seed_43/balanced_open,idea_4_s17
cf5dbc499f2b3a00,seed_43/balanced_open,idea_4_s18
bf88cb6a53df5e91,seed_43/balanced_open,idea_4_s19
6fa5080686160170,seed_43/novelty_closed,idea_1_s00
6fe31f1a7f7f98c6,seed_43/novelty_closed,idea_1_s01
e1bef7d72bac8444,seed_43/novelty_closed,idea_1_s02
332b1cc8c0a82039,seed_43/novelty_closed,idea_1_s03
9fab6e50cc771c92,seed_43/novelty_closed,idea_1_s05
fd0b17ee380d7f33,seed_43/novelty_closed,idea_1_s06
ce9b9a201c03721e,seed_43/novelty_closed,idea_1_s07
2d2693f46d2b3e19,seed_43/novelty_closed,idea_1_s08
bcd66620cc363f33,seed_43/novelty_closed,idea_1_s09
10e86e0420a1f2b2,seed_43/novelty_closed,idea_1_s11
c97cac845b038213,seed_43/novelty_closed,idea_1_s12
3ef1748675d915a7,seed_43/novelty_closed,idea_1_s13
e0657fb4b1200a82,seed_43/novelty_closed,idea_1_s14
5eee6b38bacedf9a,seed_43/novelty_closed,idea_1_s15
4cb2393fba674275,seed_43/novelty_closed,idea_1_s16
7c62c8c7ea0f4e78,seed_43/novelty_closed,idea_1_s17
64624d791597fad8,seed_43/novelty_closed,idea_1_s18
0599fe9e5141df22,seed_43/novelty_closed,idea_1_s19
c3cd1d6b7ccac21a,seed_43/novelty_closed,idea_2_s00
49402bb84a0c9d2f,seed_43/novelty_closed,idea_2_s02
e50cdf030be2a867,seed_43/novelty_closed,idea_2_s03
12982bedb1b48f72,seed_43/novelty_closed,idea_2_s04
9c5b003dcd84e685,seed_43/novelty_closed,idea_2_s06
429270bcf6b2f8db,seed_43/novelty_closed,idea_2_s07
281a995184eb44cc,seed_43/novelty_closed,idea_2_s08
b753dd495cbe2248,seed_43/novelty_closed,idea_2_s09
93041c58b417ef5d,seed_43/novelty_closed,idea_2_s10
6af8807216e997d9,seed_43/novelty_closed,idea_2_s11
bf50393d3e91927f,seed_43/novelty_closed,idea_2_s12
cfa8355967f9a84d,seed_43/novelty_closed,idea_2_s13
83c8d6a5fa9907ee,seed_43/novelty_closed,idea_2_s14
29eb4771caa12e46,seed_43/novelty_closed,idea_2_s15
2bddc227164416e0,seed_43/novelty_closed,idea_2_s16
2b1fbff3d4909c20,seed_43/novelty_closed,idea_2_s17
7c403e46dfc890b8,seed_43/novelty_closed,idea_2_s18
52215114bd46e208,seed_43/novelty_closed,idea_2_s19
11a3168941711031,seed_43/novelty_closed,idea_3_s01
de1cda0f8782d071,seed_43/novelty_closed,idea_3_s02
ff19a49b826734dd,seed_43/novelty_closed,idea_3_s03
e2a308076ff72f43,seed_43/novelty_closed,idea_3_s04
47e9f1d90b262952,seed_43/novelty_closed,idea_3_s05
8f339ff368053b46,seed_43/novelty_closed,idea_3_s06
e476f08230074de4,seed_43/novelty_closed,idea_3_s07
6265041ab9768ad0,seed_43/novelty_closed,idea_3_s08
d84c6f8ab14c6a3b,seed_43/novelty_closed,idea_3_s09
aafdbebc265c1838,seed_43/novelty_closed,idea_3_s11
c46868f93ecefc56,seed_43/novelty_closed,idea_3_s12
b397dbe79d935a59,seed_43/novelty_closed,idea_3_s13
1187a6dcd0edb298,seed_43/novelty_closed,idea_3_s14
58e454c2d3f75fa5,seed_43/novelty_closed,idea_3_s15
a1ae40d5d99bc8c9,seed_43/novelty_closed,idea_3_s17
05bbda4139de9ff0,seed_43/novelty_closed,idea_3_s19
6d74a4bc9e5abed3,seed_43/novelty_closed,idea_4_s00
b6247a3c7f33e222,seed_43/novelty_closed,idea_4_s01
950e492b1a18a1f4,seed_43/novelty_closed,idea_4_s02
5df4ebf2e2382fa3,seed_43/novelty_closed,idea_4_s04
589a9149ded0b708,seed_43/novelty_closed,idea_4_s05
70ca4b9dd249c47b,seed_43/novelty_closed,idea_4_s06
b63e49e0e9eb8977,seed_43/novelty_closed,idea_4_s08
cad924150b1d3574,seed_43/novelty_closed,idea_4_s10
6d8cf5c88e44b42b,seed_43/novelty_closed,idea_4_s12
43d1e900d6c04186,seed_43/novelty_closed,idea_4_s13
742ebd06b91cd15b,seed_43/novelty_closed,idea_4_s14
6297e21078701397,seed_43/novelty_closed,idea_4_s16
4a02e088112a33e1,seed_43/novelty_closed,idea_4_s17
e2690c0c9ac622d3,seed_43/novelty_closed,idea_4_s18
0447ad55f9144c57,seed_43/novelty_closed,idea_4_s19
e3ca22f09337ed6f,seed_43/novelty_open,idea_1_s00
7e11509f281ece9e,seed_43/novelty_open,idea_1_s01
0060096226beb063,seed_43/novelty_open,idea_1_s02
35cdfd642e0be7b0,seed_43/novelty_open,idea_1_s03
2bc18459182ef716,seed_43/novelty_open,idea_1_s04
8bc2aae7453a4af2,seed_43/novelty_open,idea_1_s05
159e8c406f76915f,seed_43/novelty_open,idea_1_s07
b215a5778c18e0e2,seed_43/novelty_open,idea_1_s09
5a17ec001fd4e2d9,seed_43/novelty_open,idea_1_s10
3e02acd17947d7d8,seed_43/novelty_open,idea_1_s11
79e9757aa550a8c4,seed_43/novelty_open,idea_1_s12
6115e6def7a9ae48,seed_43/novelty_open,idea_1_s13
9e4daa2b5af2a22e,seed_43/novelty_open,idea_1_s14
76dcdcd0aa25b95f,seed_43/novelty_open,idea_1_s15
ecf475d6b7aa18f8,seed_43/novelty_open,idea_1_s16
9788e73aed00f94e,seed_43/novelty_open,idea_1_s17
9bf72f19d526c779,seed_43/novelty_open,idea_1_s18
5aa554d636bb34f4,seed_43/novelty_open,idea_1_s19
f235605aec47a1a0,seed_43/novelty_open,idea_2_s00
317e265455b28c0d,seed_43/novelty_open,idea_2_s02
ee3f5cba27d21a14,seed_43/novelty_open,idea_2_s03
73964b2a4b8cc600,seed_43/novelty_open,idea_2_s04
ce895a6ed28c5231,seed_43/novelty_open,idea_2_s06
d84b20ae6e528db5,seed_43/novelty_open,idea_2_s07
46e55b0946bed85e,seed_43/novelty_open,idea_2_s08
0888d57c8b10c946,seed_43/novelty_open,idea_2_s10
c0fb55974156e677,seed_43/novelty_open,idea_2_s11
67bd1e7d66a056c5,seed_43/novelty_open,idea_2_s12
c58ba1a9a13312bf,seed_43/novelty_open,idea_2_s13
8d77d8e2f5a3335b,seed_43/novelty_open,idea_2_s14
8da9a79db5fd652a,seed_43/novelty_open,idea_2_s15
d3ec5475f7df4fba,seed_43/novelty_open,idea_2_s16
46ee178a3b9108e4,seed_43/novelty_open,idea_2_s17
892ede1799faa940,seed_43/novelty_open,idea_2_s18
4f0624edfa7d1b5c,seed_43/novelty_open,idea_2_s19
31047fdee9139f16,seed_43/novelty_open,idea_3_s00
c5c6a44465dd04bd,seed_43/novelty_open,idea_3_s01
71d79226636dda85,seed_43/novelty_open,idea_3_s02
4311760746dd97c6,seed_43/novelty_open,idea_3_s03
85eab018040a7904,seed_43/novelty_open,idea_3_s04
86638c1aed12a0a8,seed_43/novelty_open,idea_3_s05
6a759c186dc7f392,seed_43/novelty_open,idea_3_s07
3bb4075694f4d409,seed_43/novelty_open,idea_3_s08
8149f8c9a34da096,seed_43/novelty_open,idea_3_s09
3ef0aec89c247f42,seed_43/novelty_open,idea_3_s11
48ae594e5bf8941f,seed_43/novelty_open,idea_3_s12
3c62f0c962126f80,seed_43/novelty_open,idea_3_s13
092e8a2049e639c4,seed_43/novelty_open,idea_3_s14
0b01f9d87c498a1b,seed_43/novelty_open,idea_3_s15
fdca0dd474edf366,seed_43/novelty_open,idea_3_s17
910dfec1dc8114b8,seed_43/novelty_open,idea_3_s19
ccdcd5a752fb5b84,seed_43/novelty_open,idea_4_s00
f079b1f61fab2864,seed_43/novelty_open,idea_4_s01
54d339e4324f8197,seed_43/novelty_open,idea_4_s02
6948198e2b9a2bc8,seed_43/novelty_open,idea_4_s04
26393f282552501a,seed_43/novelty_open,idea_4_s06
0e51e4e3c391abbf,seed_43/novelty_open,idea_4_s07
e15b02bdf1c790e2,seed_43/novelty_open,idea_4_s08
db1191501390a111,seed_43/novelty_open,idea_4_s10
e532bafbe0e70848,seed_43/novelty_open,idea_4_s12
1f9d5c708eba1d73,seed_43/novelty_open,idea_4_s13
b1828848f26c3fce,seed_43/novelty_open,idea_4_s14
4d7fec676877398a,seed_43/novelty_open,idea_4_s16
a0b99d7702108409,seed_43/novelty_open,idea_4_s17
51121951953d7a8e,seed_43/novelty_open,idea_4_s18
128ed4d98ff63773,seed_43/novelty_open,idea_4_s19
210ef4293486a139,seed_43/recognition_closed,idea_1_s00
3dbd03376335a204,seed_43/recognition_closed,idea_1_s01
2e46264dd2d220cf,seed_43/recognition_closed,idea_1_s02
3ccd49ea966d5590,seed_43/recognition_closed,idea_1_s03
cefbc503cfc57789,seed_43/recognition_closed,idea_1_s05
542cee9bcbaef7c2,seed_43/recognition_closed,idea_1_s06
ad40d662c64b6dbf,seed_43/recognition_closed,idea_1_s07
f34d9832998ef588,seed_43/recognition_closed,idea_1_s08
d8f0e72a066ce9f1,seed_43/recognition_closed,idea_1_s09
3e797b231bc8e9da,seed_43/recognition_closed,idea_1_s11
12896381b1cd3b87,seed_43/recognition_closed,idea_1_s12
50652629f204ed00,seed_43/recognition_closed,idea_1_s13
e9d884894c2cabb6,seed_43/recognition_closed,idea_1_s14
d9cbae94aab29f2a,seed_43/recognition_closed,idea_1_s15
e6fedd5e1f01bd36,seed_43/recognition_closed,idea_1_s16
1edebc516eac5f68,seed_43/recognition_closed,idea_1_s17
af44e78e51bf6326,seed_43/recognition_closed,idea_1_s18
669e0e0997be0fee,seed_43/recognition_closed,idea_1_s19
60e3cde8bc710b2e,seed_43/recognition_closed,idea_2_s00
7d512f0adca8370b,seed_43/recognition_closed,idea_2_s02
7497b66229a8ec38,seed_43/recognition_closed,idea_2_s03
da2f5221c366567c,seed_43/recognition_closed,idea_2_s04
e6110174a079b154,seed_43/recognition_closed,idea_2_s06
02d00d9083a3217c,seed_43/recognition_closed,idea_2_s07
8f8777aadbfd6dd7,seed_43/recognition_closed,idea_2_s08
5b69917570cb83d1,seed_43/recognition_closed,idea_2_s09
3489ceacc7872f3b,seed_43/recognition_closed,idea_2_s10
541cf14aaab1e4e4,seed_43/recognition_closed,idea_2_s11
70f1b786b22d85ee,seed_43/recognition_closed,idea_2_s12
71e3974b4a5be1f9,seed_43/recognition_closed,idea_2_s13
1f5ed85abd8f5d57,seed_43/recognition_closed,idea_2_s14
ecc46c4bf58115fe,seed_43/recognition_closed,idea_2_s15
c8d229ab16f34af4,seed_43/recognition_closed,idea_2_s16
7e9e567f30f65665,seed_43/recognition_closed,idea_2_s17
381eb11b9e3343d0,seed_43/recognition_closed,idea_2_s18
5c63d50a56865e05,seed_43/recognition_closed,idea_2_s19
84d09a37902574bd,seed_43/recognition_closed,idea_3_s01
8ecb949c11e08972,seed_43/recognition_closed,idea_3_s02
0211e8de75e943d1,seed_43/recognition_closed,idea_3_s03
f3a3ce5c1b1dc4db,seed_43/recognition_closed,idea_3_s04
12bcfee4bccd0441,seed_43/recognition_closed,idea_3_s05
9f187785bfbaf4bd,seed_43/recognition_closed,idea_3_s06
6805cdb3944245a4,seed_43/recognition_closed,idea_3_s07
c70cd1a74a088a7e,seed_43/recognition_closed,idea_3_s08
34e27a8ba46baccd,seed_43/recognition_closed,idea_3_s09
e3b3666b83bc1395,seed_43/recognition_closed,idea_3_s11
75fc1f37378d797a,seed_43/recognition_closed,idea_3_s12
1a77851c2bcfa3e9,seed_43/recognition_closed,idea_3_s13
2194999ad4775992,seed_43/recognition_closed,idea_3_s14
91d28608653076fe,seed_43/recognition_closed,idea_3_s15
17738f347bedc746,seed_43/recognition_closed,idea_3_s17
c7086f99a65536ca,seed_43/recognition_closed,idea_3_s19
1d8583c0dbf7cba1,seed_43/recognition_closed,idea_4_s00
5b16bd1f3dbb6693,seed_43/recognition_closed,idea_4_s01
89c39149ca64e600,seed_43/recognition_closed,idea_4_s02
bf79d03c51eaa3ef,seed_43/recognition_closed,idea_4_s04
4ef05bb4b8e8b852,seed_43/recognition_closed,idea_4_s05
e1073d1ed2ae4e3f,seed_43/recognition_closed,idea_4_s06
b90129daf7c4f5d5,seed_43/recognition_closed,idea_4_s08
f8a2e2cadfe071b9,seed_43/recognition_closed,idea_4_s10
821268ad813b6850,seed_43/recognition_closed,idea_4_s12
757b53a14a6786ae,seed_43/recognition_closed,idea_4_s13
c8ff4be9f6694824,seed_43/recognition_closed,idea_4_s14
ddb8aec5888a32bb,seed_43/recognition_closed,idea_4_s16
4a1845aae9caec9b,seed_43/recognition_closed,idea_4_s17
2db93054192eb65c,seed_43/recognition_closed,idea_4_s18
44fb323482627ed3,seed_43/recognition_closed,idea_4_s19
c6fe44597ff8b0dc,seed_43/recognition_open,idea_1_s00
782ad2c2e6e395af,seed_43/recognition_open,idea_1_s01
eca5ec9f672bed3f,seed_43/recognition_open,idea_1_s02
0a7df16c1c3d1307,seed_43/recognition_open,idea_1_s03
7d7b23712807261d,seed_43/recognition_open,idea_1_s04
f212a255de909787,seed_43/recognition_open,idea_1_s05
8ee4d300e8e48b5e,seed_43/recognition_open,idea_1_s07
bf0c7151a3acb97c,seed_43/recognition_open,idea_1_s09
08bcb867ea8e64b8,seed_43/recognition_open,idea_1_s10
289b7cd3f0557650,seed_43/recognition_open,idea_1_s11
4b31779c421dde25,seed_43/recognition_open,idea_1_s12
2aa47a913d13092e,seed_43/recognition_open,idea_1_s13
ad50d18411108157,seed_43/recognition_open,idea_1_s14
0ba8012541b4a528,seed_43/recognition_open,idea_1_s15
a1718471f6059853,seed_43/recognition_open,idea_1_s16
2fcb0e5121b0feff,seed_43/recognition_open,idea_1_s17
cfc03e2e107d6eab,seed_43/recognition_open,idea_1_s18
7ad8a4926371a885,seed_43/recognition_open,idea_1_s19
baf1533ce8b852fe,seed_43/recognition_open,idea_2_s00
35ce2f4d0f47b35d,seed_43/recognition_open,idea_2_s02
114df8d4570839b8,seed_43/recognition_open,idea_2_s03
b41b7392194d4406,seed_43/recognition_open,idea_2_s04
09e8c6330b827778,seed_43/recognition_open,idea_2_s06
9225b28cc274efac,seed_43/recognition_open,idea_2_s07
af779ed930bad47c,seed_43/recognition_open,idea_2_s08
42a616f2a42992ec,seed_43/recognition_open,idea_2_s10
b8e31d4f8873661f,seed_43/recognition_open,idea_2_s11
35e1a3ae480486f6,seed_43/recognition_open,idea_2_s12
699fa4e079f9ccfd,seed_43/recognition_open,idea_2_s13
008df70935fb7ded,seed_43/recognition_open,idea_2_s14
330a3a8a68cf3329,seed_43/recognition_open,idea_2_s15
6635f578afa8e219,seed_43/recognition_open,idea_2_s16
d1be6e5f1cbfca87,seed_43/recognition_open,idea_2_s17
30712584b0127b08,seed_43/recognition_open,idea_2_s18
1d5a19522bdc6f9a,seed_43/recognition_open,idea_2_s19
4f4e3c5a43405ff8,seed_43/recognition_open,idea_3_s00
4936cc3ea60a5ae2,seed_43/recognition_open,idea_3_s01
d3177ad2949368c3,seed_43/recognition_open,idea_3_s02
48d3049181e84136,seed_43/recognition_open,idea_3_s03
d05ad5fc4c8de290,seed_43/recognition_open,idea_3_s04
c492b758220e487d,seed_43/recognition_open,idea_3_s05
ee6b10daaead177c,seed_43/recognition_open,idea_3_s07
a716175e7e15f798,seed_43/recognition_open,idea_3_s08
02030812cc22ce56,seed_43/recognition_open,idea_3_s09
f83f24ccb3e9af7f,seed_43/recognition_open,idea_3_s11
0006900ba81880d1,seed_43/recognition_open,idea_3_s12
874424e0caefe506,seed_43/recognition_open,idea_3_s13
affb7b726fa0770e,seed_43/recognition_open,idea_3_s14
2f96119340190ae3,seed_43/recognition_open,idea_3_s15
d36092ac2a973f1e,seed_43/recognition_open,idea_3_s17
86bddcd463f3bb12,seed_43/recognition_open,idea_3_s19
a90462acc79cf0d3,seed_43/recognition_open,idea_4_s00
b61d71e842c8cc84,seed_43/recognition_open,idea_4_s01
a476bbdb16bf7d36,seed_43/recognition_open,idea_4_s02
f327bc50f0f583e1,seed_43/recognition_open,idea_4_s04
17ae99181de99d50,seed_43/recognition_open,idea_4_s06
99eb160150f0a294,seed_43/recognition_open,idea_4_s07
19addfe7c22f4bf3,seed_43/recognition_open,idea_4_s08
cf64d6efb7015917,seed_43/recognition_open,idea_4_s10
c2245f3d55b55147,seed_43/recognition_open,idea_4_s12
6920e01ca891d9e2,seed_43/recognition_open,idea_4_s13
0c852bf086e04657,seed_43/recognition_open,idea_4_s14
6131a8ad2fc3b162,seed_43/recognition_open,idea_4_s16
6a26fad2d78be58b,seed_43/recognition_open,idea_4_s17
65d70a630c6d8eb1,seed_43/recognition_open,idea_4_s18
36438770f12909fa,seed_43/recognition_open,idea_4_s19
b1c5c058e49f6f67,seed_44/balanced_closed,idea_1_s00
a75796fb3803f455,seed_44/balanced_closed,idea_1_s01
f37ff600344812e7,seed_44/balanced_closed,idea_1_s02
57749cec5620b592,seed_44/balanced_closed,idea_1_s03
690cf4a942ea9ae8,seed_44/balanced_closed,idea_1_s04
85bdafa2cb881845,seed_44/balanced_closed,idea_1_s05
5efc6cb24013c792,seed_44/balanced_closed,idea_1_s06
f32564b4b3746311,seed_44/balanced_closed,idea_1_s07
421bbd36493eb85e,seed_44/balanced_closed,idea_1_s08
dd8269ec393aa857,seed_44/balanced_closed,idea_1_s09
70a09fd06a216970,seed_44/balanced_closed,idea_1_s11
2833e1b43aaf7b5c,seed_44/balanced_closed,idea_1_s13
95c66ca72d7b86ee,seed_44/balanced_closed,idea_1_s14
f2bfbb3a7fa77977,seed_44/balanced_closed,idea_1_s15
849f0987e486ee96,seed_44/balanced_closed,idea_1_s16
7567f77a7fa4fd44,seed_44/balanced_closed,idea_1_s17
ec06309bd80bdb1f,seed_44/balanced_closed,idea_1_s18
ae32e83b60a06b47,seed_44/balanced_closed,idea_1_s19
9eaae1adb03609cc,seed_44/balanced_closed,idea_2_s00
1763ce5b3922117c,seed_44/balanced_closed,idea_2_s01
8840a84fa5dc5658,seed_44/balanced_closed,idea_2_s02
683c8d95201efb3d,seed_44/balanced_closed,idea_2_s03
9f8b01897556c533,seed_44/balanced_closed,idea_2_s04
6b6f5bd04ea0df5c,seed_44/balanced_closed,idea_2_s05
8c5d490655869057,seed_44/balanced_closed,idea_2_s06
666d02a6524c1f15,seed_44/balanced_closed,idea_2_s08
a102fe5325a2d0c0,seed_44/balanced_closed,idea_2_s10
cd825f8efa7bff55,seed_44/balanced_closed,idea_2_s12
2298d3e4a88a4425,seed_44/balanced_closed,idea_2_s13
9dff52bbb9fdf5fe,seed_44/balanced_closed,idea_2_s14
510b736aef6e89df,seed_44/balanced_closed,idea_2_s15
5c8b6ff858fd2a18,seed_44/balanced_closed,idea_2_s16
f643c8770e34487c,seed_44/balanced_closed,idea_2_s18
f5cd6f6779f66a0e,seed_44/balanced_closed,idea_2_s19
0ce4eeef06e7e8d1,seed_44/balanced_closed,idea_3_s00
381ebcb444faf819,seed_44/balanced_closed,idea_3_s01
337afbb1b2127812,seed_44/balanced_closed,idea_3_s03
9efd556f6f6adbc0,seed_44/balanced_closed,idea_3_s04
8f9259867415c16e,seed_44/balanced_closed,idea_3_s05
c29077643a549051,seed_44/balanced_closed,idea_3_s06
fa1de21ef35292af,seed_44/balanced_closed,idea_3_s07
c2f6830b69d30ed3,seed_44/balanced_closed,idea_3_s08
ae0165b946dad9be,seed_44/balanced_closed,idea_3_s09
30920812a8a4b121,seed_44/balanced_closed,idea_3_s10
db1042f3eb7d8780,seed_44/balanced_closed,idea_3_s11
ddfe1c88571e1e47,seed_44/balanced_closed,idea_3_s13
7db5081616705e70,seed_44/balanced_closed,idea_3_s14
c5990684a98e3b48,seed_44/balanced_closed,idea_3_s15
eec9fcba6c184654,seed_44/balanced_closed,idea_3_s17
4286e834e7ff1f14,seed_44/balanced_closed,idea_3_s18
f7338e9245b1d4d5,seed_44/balanced_closed,idea_3_s19
a2506b854bc8c182,seed_44/balanced_closed,idea_4_s00
4c82e5b365e99302,seed_44/balanced_closed,idea_4_s01
34beebb3b9e2c6c1,seed_44/balanced_closed,idea_4_s02
af452b59f820ea30,seed_44/balanced_closed,idea_4_s04
1fca3e25f500c9c2,seed_44/balanced_closed,idea_4_s06
c0f9040fea884991,seed_44/balanced_closed,idea_4_s08
e43f3633a614751c,seed_44/balanced_closed,idea_4_s10
b8724c2d7233b386,seed_44/balanced_closed,idea_4_s11
20c04b14caa97937,seed_44/balanced_closed,idea_4_s12
dfcbc5ce34de1a6f,seed_44/balanced_closed,idea_4_s13
d57ff94c2edb3e02,seed_44/balanced_closed,idea_4_s14
f11ee5934df5ffae,seed_44/balanced_closed,idea_4_s15
2969430dd89d3759,seed_44/balanced_closed,idea_4_s16
1d118fba27dd7724,seed_44/balanced_closed,idea_4_s18
c62b7e7fb9700bc6,seed_44/balanced_closed,idea_4_s19
0e26284289ff0510,seed_44/balanced_open,idea_1_s00
a829663cb7afb459,seed_44/balanced_open,idea_1_s01
2e1cf1798ffe2399,seed_44/balanced_open,idea_1_s02
c6ae9a9feff264be,seed_44/balanced_open,idea_1_s03
f3d246fca02e5ede,seed_44/balanced_open,idea_1_s04
ab3f8d0292ad86f7,seed_44/balanced_open,idea_1_s05
30c51b6c0e4e8e28,seed_44/balanced_open,idea_1_s06
5fcc9ef82db4a2fe,seed_44/balanced_open,idea_1_s07
f5c41a5e5e73c787,seed_44/balanced_open,idea_1_s08
ecf73f910bd769c8,seed_44/balanced_open,idea_1_s09
21bd8e4c82542159,seed_44/balanced_open,idea_1_s11
63b2ed01740652ab,seed_44/balanced_open,idea_1_s12
191aded612f3ba3b,seed_44/balanced_open,idea_1_s13
d6502b3b4e07ac9c,seed_44/balanced_open,idea_1_s14
40a67392195a7dac,seed_44/balanced_open,idea_1_s15
cabc843005f07885,seed_44/balanced_open,idea_1_s16
2cb45400d5e3900b,seed_44/balanced_open,idea_1_s17
7fcfb48d36d010f6,seed_44/balanced_open,idea_1_s18
0c10d972d8d4fdcc,seed_44/balanced_open,idea_1_s19
7920d893a9d901ae,seed_44/balanced_open,idea_2_s00
5cedc3d5979020a2,seed_44/balanced_open,idea_2_s02
a85477a803615bcf,seed_44/balanced_open,idea_2_s03
bcc45127c1f33df0,seed_44/balanced_open,idea_2_s04
18e93e4ab51e521f,seed_44/balanced_open,idea_2_s05
b7af880e0e9b8fdf,seed_44/balanced_open,idea_2_s06
e5836a337821ca27,seed_44/balanced_open,idea_2_s07
66432782f73d4c38,seed_44/balanced_open,idea_2_s08
20c7784ef1dcbe63,seed_44/balanced_open,idea_2_s09
c603cc7b81290e29,seed_44/balanced_open,idea_2_s10
c7e1d58f0dec7e38,seed_44/balanced_open,idea_2_s12
4dd363449d2271b5,seed_44/balanced_open,idea_2_s13
90d8a98d2631d7e3,seed_44/balanced_open,idea_2_s14
cf8dd54d4735b1f9,seed_44/balanced_open,idea_2_s15
2a472d16d579f59b,seed_44/balanced_open,idea_2_s16
b52112f79590545c,seed_44/balanced_open,idea_2_s17
584a3f4065c250b4,seed_44/balanced_open,idea_2_s18
d461e5ff846eb7c5,seed_44/balanced_open,idea_2_s19
9e357d562b680101,seed_44/balanced_open,idea_3_s00
0aba9414874bed76,seed_44/balanced_open,idea_3_s01
1ee58f0349873db2,seed_44/balanced_open,idea_3_s02
7828f5054ac3650e,seed_44/balanced_open,idea_3_s03
cb4b482404ab0f04,seed_44/balanced_open,idea_3_s04
61fd0e76bdcf57a4,seed_44/balanced_open,idea_3_s05
0ce300d527611d3f,seed_44/balanced_open,idea_3_s07
efeb7b74822c4821,seed_44/balanced_open,idea_3_s08
76133b6fbf56f6f5,seed_44/balanced_open,idea_3_s09
7b20b92297f4dd60,seed_44/balanced_open,idea_3_s10
f96e53e28b690c78,seed_44/balanced_open,idea_3_s11
7bd0294ac554e750,seed_44/balanced_open,idea_3_s13
6543312765845eed,seed_44/balanced_open,idea_3_s15
87ad59e531e03efb,seed_44/balanced_open,idea_3_s16
bb6968b188ed7cc5,seed_44/balanced_open,idea_3_s17
97a3acbd18d8ae6c,seed_44/balanced_open,idea_3_s18
b1f7f52fd1d94a75,seed_44/balanced_open,idea_3_s19
c8de61ca4f85ffc0,seed_44/balanced_open,idea_4_s00
54bc37ab0f34fe7c,seed_44/balanced_open,idea_4_s01
a1f69b4570fe5679,seed_44/balanced_open,idea_4_s02
9d0384cb41b373b9,seed_44/balanced_open,idea_4_s04
61cacc0089e5dbc2,seed_44/balanced_open,idea_4_s06
8b0658df478fa0fa,seed_44/balanced_open,idea_4_s07
b5a55bc6ebb108ee,seed_44/balanced_open,idea_4_s08
6f23c9e6ad1e52ca,seed_44/balanced_open,idea_4_s10
83708ca131c44fbe,seed_44/balanced_open,idea_4_s11
33a236c0b229edc7,seed_44/balanced_open,idea_4_s12
b16d0021aa5c3a79,seed_44/balanced_open,idea_4_s14
99838090f35b0e13,seed_44/balanced_open,idea_4_s15
09e7391334e36882,seed_44/balanced_open,idea_4_s16
3dabca76525539f1,seed_44/balanced_open,idea_4_s17
06e1c98f20844bb9,seed_44/balanced_open,idea_4_s18
8030d11299da7426,seed_44/novelty_closed,idea_1_s00
361f494dd1d577f5,seed_44/novelty_closed,idea_1_s01
3e2906b8e6c19a9f,seed_44/novelty_closed,idea_1_s02
69e3c407cb00a6a7,seed_44/novelty_closed,idea_1_s03
a121b47656288b60,seed_44/novelty_closed,idea_1_s04
d8c3122d732d5539,seed_44/novelty_closed,idea_1_s05
05db2e8b971a604b,seed_44/novelty_closed,idea_1_s06
4005ed4ac3f0b253,seed_44/novelty_closed,idea_1_s07
03e0549318f7a039,seed_44/novelty_closed,idea_1_s08
d5104c8b1193bf64,seed_44/novelty_closed,idea_1_s09
b5561cdb495b2a93,seed_44/novelty_closed,idea_1_s11
ae71312c1f759369,seed_44/novelty_closed,idea_1_s13
d7aa52c9c81f35b5,seed_44/novelty_closed,idea_1_s14
b0251d37a0e86731,seed_44/novelty_closed,idea_1_s15
6496d40a6336aad8,seed_44/novelty_closed,idea_1_s16
cd8920546a628132,seed_44/novelty_closed,idea_1_s17
e51f0dc9d25eb7ba,seed_44/novelty_closed,idea_1_s18
d1088cea015f6728,seed_44/novelty_closed,idea_1_s19
483dd61eff05b9ed,seed_44/novelty_closed,idea_2_s00
82fbf1b64b86bce8,seed_44/novelty_closed,idea_2_s01
5d8de8e1e15250c6,seed_44/novelty_closed,idea_2_s02
1152c209e190f520,seed_44/novelty_closed,idea_2_s03
ee891b6e703127d4,seed_44/novelty_closed,idea_2_s04
e4a4e5780cdf0b9c,seed_44/novelty_closed,idea_2_s05
35e34e79740619bc,seed_44/novelty_closed,idea_2_s06
1767b179c86d7c64,seed_44/novelty_closed,idea_2_s08
7718e5e5145d1be5,seed_44/novelty_closed,idea_2_s10
cf7f146ebb95ff09,seed_44/novelty_closed,idea_2_s12
7b2969a695f50adc,seed_44/novelty_closed,idea_2_s13
8e4ce8f4adbf9caf,seed_44/novelty_closed,idea_2_s14
178400fd2e1e926e,seed_44/novelty_closed,idea_2_s15
f50bdace8ba21a04,seed_44/novelty_closed,idea_2_s16
c001c4318a1aafbe,seed_44/novelty_closed,idea_2_s18
c8069d4f84ccd70b,seed_44/novelty_closed,idea_2_s19
2964be8a739cc3b9,seed_44/novelty_closed,idea_3_s00
29ea8745e8306274,seed_44/novelty_closed,idea_3_s01
edd56b2e077dfdbd,seed_44/novelty_closed,idea_3_s03
898ccaebe8c19805,seed_44/novelty_closed,idea_3_s04
53f32e30a49d6158,seed_44/novelty_closed,idea_3_s05
4b1ed49a14c9f9e7,seed_44/novelty_closed,idea_3_s06
cfeca6f8d6cbf746,seed_44/novelty_closed,idea_3_s07
57ad4111f6fd2efc,seed_44/novelty_closed,idea_3_s08
d3a081e87e19cb93,seed_44/novelty_closed,idea_3_s09
58266d5a524e5e83,seed_44/novelty_closed,idea_3_s10
7f32359003a63762,seed_44/novelty_closed,idea_3_s11
dc22214ffa19eb9b,seed_44/novelty_closed,idea_3_s13
21bca8a6593b7eb5,seed_44/novelty_closed,idea_3_s14
04588c28c1fe31e0,seed_44/novelty_closed,idea_3_s15
eb0d2016358a1da5,seed_44/novelty_closed,idea_3_s17
6c492fd024c39188,seed_44/novelty_closed,idea_3_s18
62203e10ccc4bc50,seed_44/novelty_closed,idea_3_s19
38e64d6c4d156ea3,seed_44/novelty_closed,idea_4_s00
8e0e40cdc35ffb65,seed_44/novelty_closed,idea_4_s01
77a38c5237953230,seed_44/novelty_closed,idea_4_s02
9e3e13bdb98711a0,seed_44/novelty_closed,idea_4_s04
96faedecdd6cdd92,seed_44/novelty_closed,idea_4_s06
73b887ab63988c35,seed_44/novelty_closed,idea_4_s08
8968bbfe99eda0f7,seed_44/novelty_closed,idea_4_s10
61cedd38e29249a3,seed_44/novelty_closed,idea_4_s11
17cfceb8152e6c31,seed_44/novelty_closed,idea_4_s12
445cb47b48a01792,seed_44/novelty_closed,idea_4_s13
f794cb9ae6ac9218,seed_44/novelty_closed,idea_4_s14
40d2cc8caadc2b96,seed_44/novelty_closed,idea_4_s15
a7e2161792098bda,seed_44/novelty_closed,idea_4_s16
6a5ed5a65260e29f,seed_44/novelty_closed,idea_4_s18
eb2b0c58e077d8b9,seed_44/novelty_closed,idea_4_s19
259ea62fe5a836b2,seed_44/novelty_open,idea_1_s00
6abe587661c083cd,seed_44/novelty_open,idea_1_s01
934aa0e54c24c223,seed_44/novelty_open,idea_1_s02
5ae5ce2796cd437c,seed_44/novelty_open,idea_1_s03
8d92bdb7aa2fce03,seed_44/novelty_open,idea_1_s04
783e56054f50a09a,seed_44/novelty_open,idea_1_s05
78c00aab268dc3cd,seed_44/novelty_open,idea_1_s06
e864680fd7923989,seed_44/novelty_open,idea_1_s07
9ae3dbdf09d37e53,seed_44/novelty_open,idea_1_s08
cb204f054f5b5d43,seed_44/novelty_open,idea_1_s09
a05c27f796d8e786,seed_44/novelty_open,idea_1_s11
2fe3ce144452cfbd,seed_44/novelty_open,idea_1_s12
4f968dddc83a0fe8,seed_44/novelty_open,idea_1_s13
922f479fee5dfd0e,seed_44/novelty_open,idea_1_s14
41ef96704f34c31b,seed_44/novelty_open,idea_1_s15
7512d0cc8e3d5e02,seed_44/novelty_open,idea_1_s16
4e4f9c78ac6ceea1,seed_44/novelty_open,idea_1_s17
1ce4092973e3001a,seed_44/novelty_open,idea_1_s18
e481108aa8aa121f,seed_44/novelty_open,idea_1_s19
f5547ab9fb6644ce,seed_44/novelty_open,idea_2_s00
27816191421d0626,seed_44/novelty_open,idea_2_s02
ff87b9bec151a28d,seed_44/novelty_open,idea_2_s03
30f60bec8fac8f37,seed_44/novelty_open,idea_2_s04
9f51cb119fffc9af,seed_44/novelty_open,idea_2_s05
b3ffa2798bec5d24,seed_44/novelty_open,idea_2_s06
0c4b64357d73e1e4,seed_44/novelty_open,idea_2_s07
347dfe126116eeec,seed_44/novelty_open,idea_2_s08
5aabbdcc86625ec8,seed_44/novelty_open,idea_2_s09
01214459920befb7,seed_44/novelty_open,idea_2_s10
58e9c376162fa17b,seed_44/novelty_open,idea_2_s12
89990cd46684e4da,seed_44/novelty_open,idea_2_s13
e35077e012595936,seed_44/novelty_open,idea_2_s14
ecf25019f6bd435f,seed_44/novelty_open,idea_2_s15
6b5049f69817d0b6,seed_44/novelty_open,idea_2_s16
b6a16ab54cf199e5,seed_44/novelty_open,idea_2_s17
fffeadc993712bf3,seed_44/novelty_open,idea_2_s18
f76c4e16280f43d8,seed_44/novelty_open,idea_2_s19
6092868808aca1a4,seed_44/novelty_open,idea_3_s00
1b581e6d8597b91c,seed_44/novelty_open,idea_3_s01
eb5891fc9a507929,seed_44/novelty_open,idea_3_s02
ffb226b42c54717b,seed_44/novelty_open,idea_3_s03
9bbc778e1ac8685a,seed_44/novelty_open,idea_3_s04
eecbae7dde594c5c,seed_44/novelty_open,idea_3_s05
648022ae20c76316,seed_44/novelty_open,idea_3_s07
b812312008134a1a,seed_44/novelty_open,idea_3_s08
f3b17dd51fe50991,seed_44/novelty_open,idea_3_s09
b3665259887397a5,seed_44/novelty_open,idea_3_s10
c9f63c9072fc8450,seed_44/novelty_open,idea_3_s11
32b12a6e17b936f2,seed_44/novelty_open,idea_3_s13
9208703c904c9443,seed_44/novelty_open,idea_3_s15
4edae053f0d9a8aa,seed_44/novelty_open,idea_3_s16
633d5ac56477306d,seed_44/novelty_open,idea_3_s17
a112887f013c8269,seed_44/novelty_open,idea_3_s18
98482ddf277b5d3a,seed_44/novelty_open,idea_3_s19
bfbae12a34e0d876,seed_44/novelty_open,idea_4_s00
e74b43c2845c7ea9,seed_44/novelty_open,idea_4_s01
6339ec97ea6b1621,seed_44/novelty_open,idea_4_s02
62232bf8cb706820,seed_44/novelty_open,idea_4_s04
cb8f8e23aad1a9fa,seed_44/novelty_open,idea_4_s06
b3da724a0019284d,seed_44/novelty_open,idea_4_s07
161216ecfd4c1782,seed_44/novelty_open,idea_4_s08
36adb8102331fa06,seed_44/novelty_open,idea_4_s10
370e285ca0be5672,seed_44/novelty_open,idea_4_s11
a0efe163f5354a7f,seed_44/novelty_open,idea_4_s12
98710b089b454e2a,seed_44/novelty_open,idea_4_s14
f7a7b149d891897f,seed_44/novelty_open,idea_4_s15
bf1d323e5c721195,seed_44/novelty_open,idea_4_s16
f1a9a0864826b44e,seed_44/novelty_open,idea_4_s17
2c1c49ebb6ecadc9,seed_44/novelty_open,idea_4_s18
b58b0651388915c8,seed_44/recognition_closed,idea_1_s00
54be5a857cf492f7,seed_44/recognition_closed,idea_1_s01
9ebddbf42d2408f0,seed_44/recognition_closed,idea_1_s02
7146b48f89c788af,seed_44/recognition_closed,idea_1_s03
d26049c671d5c620,seed_44/recognition_closed,idea_1_s04
f6a503cb06d80749,seed_44/recognition_closed,idea_1_s05
5fc8fa07722d3337,seed_44/recognition_closed,idea_1_s06
3659321d0f6c58ac,seed_44/recognition_closed,idea_1_s07
69ac204fec48f515,seed_44/recognition_closed,idea_1_s08
72f48803878a8c01,seed_44/recognition_closed,idea_1_s09
a42ef839bdb82bd3,seed_44/recognition_closed,idea_1_s11
1f456711a59d68b1,seed_44/recognition_closed,idea_1_s13
8a5fc4176b5c1cc1,seed_44/recognition_closed,idea_1_s14
2d0b616f591e493a,seed_44/recognition_closed,idea_1_s15
ebd5bbb64b88222a,seed_44/recognition_closed,idea_1_s16
7243a264cdc3ab94,seed_44/recognition_closed,idea_1_s17
e3d50a9cf7ea5ce5,seed_44/recognition_closed,idea_1_s18
6bfb14da75ad2073,seed_44/recognition_closed,idea_1_s19
7ab6267fdd7a12af,seed_44/recognition_closed,idea_2_s00
1e8232d6e442861b,seed_44/recognition_closed,idea_2_s01
abe3110d7c16f307,seed_44/recognition_closed,idea_2_s02
187b864679160331,seed_44/recognition_closed,idea_2_s03
07d008caaa3c97bc,seed_44/recognition_closed,idea_2_s04
48785f4f9386e992,seed_44/recognition_closed,idea_2_s05
61e2504fdbf030f6,seed_44/recognition_closed,idea_2_s06
3b3df3a1640dae40,seed_44/recognition_closed,idea_2_s08
b64eae4f604768de,seed_44/recognition_closed,idea_2_s10
156faa5751b5b44d,seed_44/recognition_closed,idea_2_s12
bd9f246b1969555b,seed_44/recognition_closed,idea_2_s13
103607692e9711b4,seed_44/recognition_closed,idea_2_s14
23a4e55b9e1f3e89,seed_44/recognition_closed,idea_2_s15
8413beac849b2e1b,seed_44/recognition_closed,idea_2_s16
96d4660ecc5a374a,seed_44/recognition_closed,idea_2_s18
d88c627bb5b960f5,seed_44/recognition_closed,idea_2_s19
d6078188648b735c,seed_44/recognition_closed,idea_3_s00
4ab0168e1e431a98,seed_44/recognition_closed,idea_3_s01
d16acbbff50b223a,seed_44/recognition_closed,idea_3_s03
d53989c8f75389cd,seed_44/recognition_closed,idea_3_s04
2b1e9d3fb8513d34,seed_44/recognition_closed,idea_3_s05
5c21644aa570aee6,seed_44/recognition_closed,idea_3_s06
d9c9e89f3812ff11,seed_44/recognition_closed,idea_3_s07
fd1e6737206a7736,seed_44/recognition_closed,idea_3_s08
c6e6b0ce57791d06,seed_44/recognition_closed,idea_3_s09
8b57195b206461bf,seed_44/recognition_closed,idea_3_s10
f7ca7274d1a848d9,seed_44/recognition_closed,idea_3_s11
0d2c5bebc6d2cf6e,seed_44/recognition_closed,idea_3_s13
ebd22406fad451cc,seed_44/recognition_closed,idea_3_s14
9c41fc584b1ff36e,seed_44/recognition_closed,idea_3_s15
26aecb15cb6dafc9,seed_44/recognition_closed,idea_3_s17
d8d567271354c39f,seed_44/recognition_closed,idea_3_s18
4bca337b5c1d0ed0,seed_44/recognition_closed,idea_3_s19
e8cc33fb61c8b3bc,seed_44/recognition_closed,idea_4_s00
78298e9d1061ac46,seed_44/recognition_closed,idea_4_s01
566b89d71bd0a42b,seed_44/recognition_closed,idea_4_s02
801ceb0637b8ed17,seed_44/recognition_closed,idea_4_s04
f6a35db8ad91ed39,seed_44/recognition_closed,idea_4_s06
351f2e9fde01a416,seed_44/recognition_closed,idea_4_s08
6e9589f0ccf5f92b,seed_44/recognition_closed,idea_4_s10
f84bc482bafcf05d,seed_44/recognition_closed,idea_4_s11
0d52306f2970972f,seed_44/recognition_closed,idea_4_s12
744c01bc34a161e8,seed_44/recognition_closed,idea_4_s13
acd4373453536928,seed_44/recognition_closed,idea_4_s14
f485d596cf295ae6,seed_44/recognition_closed,idea_4_s15
31c3ddcc62b1f8d7,seed_44/recognition_closed,idea_4_s16
9d314b645a627f4c,seed_44/recognition_closed,idea_4_s18
bd2138100a38d7d3,seed_44/recognition_closed,idea_4_s19
2cf91246ae4fa908,seed_44/recognition_open,idea_1_s00
51126c002d90bb87,seed_44/recognition_open,idea_1_s01
5cd7a0d3a07a83f2,seed_44/recognition_open,idea_1_s02
ef878ca4eae1b6c4,seed_44/recognition_open,idea_1_s03
7fd3bb05fdc336db,seed_44/recognition_open,idea_1_s04
7c5e3c2d4ab49b97,seed_44/recognition_open,idea_1_s05
00840947cc10e75e,seed_44/recognition_open,idea_1_s06
7d41ee84514d34a1,seed_44/recognition_open,idea_1_s07
7e22185b8a308981,seed_44/recognition_open,idea_1_s08
858c5568e6976fc6,seed_44/recognition_open,idea_1_s09
038d41166f3bd6e2,seed_44/recognition_open,idea_1_s11
a86a71ca43258195,seed_44/recognition_open,idea_1_s12
500212303a9ad499,seed_44/recognition_open,idea_1_s13
7ead8d53859686fb,seed_44/recognition_open,idea_1_s14
e42309e8663d17a8,seed_44/recognition_open,idea_1_s15
87f42bf1845c7322,seed_44/recognition_open,idea_1_s16
647c5f8b3503f676,seed_44/recognition_open,idea_1_s17
7ab9869915d595f9,seed_44/recognition_open,idea_1_s18
8d6d73dcde9c5794,seed_44/recognition_open,idea_1_s19
5af567e27c1f4759,seed_44/recognition_open,idea_2_s00
7a70c2b07a0023bb,seed_44/recognition_open,idea_2_s02
18b4666579f0f88e,seed_44/recognition_open,idea_2_s03
aa06203b724cf7c5,seed_44/recognition_open,idea_2_s04
04bf13b720705e17,seed_44/recognition_open,idea_2_s05
e24e11b57459ccc8,seed_44/recognition_open,idea_2_s06
eb9511bd1fb94ae6,seed_44/recognition_open,idea_2_s07
2f76146e59e26cec,seed_44/recognition_open,idea_2_s08
e6e046ed61f15b4c,seed_44/recognition_open,idea_2_s09
27751db006ad56f0,seed_44/recognition_open,idea_2_s10
b3c0ad34d71731f5,seed_44/recognition_open,idea_2_s12
1c545d6a770f22a9,seed_44/recognition_open,idea_2_s13
8a94b5796264efdf,seed_44/recognition_open,idea_2_s14
2be0e68708837771,seed_44/recognition_open,idea_2_s15
ffde65b5a4e0f3ee,seed_44/recognition_open,idea_2_s16
667bb310803d7116,seed_44/recognition_open,idea_2_s17
464cf597389010ae,seed_44/recognition_open,idea_2_s18
41a8d3a0b904ddb0,seed_44/recognition_open,idea_2_s19
1986bbe4c56a41c0,seed_44/recognition_open,idea_3_s00
64c88d04b4844d10,seed_44/recognition_open,idea_3_s01
f55c6021d198ba3f,seed_44/recognition_open,idea_3_s02
467b289ee1fb08e4,seed_44/recognition_open,idea_3_s03
ac37a5552b2e6b50,seed_44/recognition_open,idea_3_s04
1d4810ff65c186e3,seed_44/recognition_open,idea_3_s05
5934b51c9a6c7be5,seed_44/recognition_open,idea_3_s07
1be040189714d4be,seed_44/recognition_open,idea_3_s08
5ef319b180587f15,seed_44/recognition_open,idea_3_s09
e0658461519b81ef,seed_44/recognition_open,idea_3_s10
1162f8aaac123eca,seed_44/recognition_open,idea_3_s11
ed44d072cf450ce6,seed_44/recognition_open,idea_3_s13
a8517c06702ed5df,seed_44/recognition_open,idea_3_s15
ad47b7d41e5574e1,seed_44/recognition_open,idea_3_s16
0115b479f8dc2c51,seed_44/recognition_open,idea_3_s17
d6c98164462ebc34,seed_44/recognition_open,idea_3_s18
c1ea2fd7ce253328,seed_44/recognition_open,idea_3_s19
aa66f988b1188959,seed_44/recognition_open,idea_4_s00
c8b5b688a4af242c,seed_44/recognition_open,idea_4_s01
2b94d24ff75d4e7f,seed_44/recognition_open,idea_4_s02
37fbb4976b544953,seed_44/recognition_open,idea_4_s04
04bee2526ff8b713,seed_44/recognition_open,idea_4_s06
578e76c8e8814bac,seed_44/recognition_open,idea_4_s07
0db852dada6db96f,seed_44/recognition_open,idea_4_s08
a6db5ebff067cf8a,seed_44/recognition_open,idea_4_s10
ffcd0458e5dda79e,seed_44/recognition_open,idea_4_s11
de32bd480b865811,seed_44/recognition_open,idea_4_s12
335db2a722a56707,seed_44/recognition_open,idea_4_s14
b233ddd04b43f6ed,seed_44/recognition_open,idea_4_s15
37ce8c5760ff34ab,seed_44/recognition_open,idea_4_s16
9f0f31c11e48325e,seed_44/recognition_open,idea_4_s17
bfe2038cb7a51682,seed_44/recognition_open,idea_4_s18
